{"cameraMode":{"drawMode":0,"name":"Shaded","section":"Shading Mode"},"sceneLighting":true,"audioPlay":false,"sceneViewState":{"m_AlwaysRefresh":false,"showFog":true,"showSkybox":false,"showFlares":true,"showImageEffects":true,"showParticleSystems":true,"showVisualEffectGraphs":true,"m_FxEnabled":false},"in2DMode":false,"pivot":{"x":-0.008603692054748536,"y":0.008243322372436524,"z":-0.0043343305587768559},"rotation":{"x":-0.13776668906211854,"y":0.09207077324390412,"z":-0.012861502356827259,"w":-0.9861066341400147},"size":1.7485684156417847,"orthographic":false}