{"cameraMode":{"drawMode":0,"name":"Shaded","section":"Shading Mode"},"sceneLighting":true,"audioPlay":false,"sceneViewState":{"m_AlwaysRefresh":false,"showFog":true,"showSkybox":true,"showFlares":true,"showImageEffects":true,"showParticleSystems":true,"showVisualEffectGraphs":true,"m_FxEnabled":false},"in2DMode":false,"pivot":{"x":12.514449119567871,"y":-10.307107925415039,"z":1.4879493713378907},"rotation":{"x":-0.16577500104904176,"y":-0.055590931326150897,"z":0.009357266128063202,"w":-0.9845631122589111},"size":235.75941467285157,"orthographic":false}