{"cameraMode":{"drawMode":0,"name":"Shaded","section":"Shading Mode"},"sceneLighting":true,"audioPlay":false,"sceneViewState":{"m_AlwaysRefresh":false,"showFog":true,"showSkybox":true,"showFlares":true,"showImageEffects":true,"showParticleSystems":true,"showVisualEffectGraphs":true,"m_FxEnabled":false},"in2DMode":false,"pivot":{"x":13.852869987487793,"y":20.89657211303711,"z":-16.704904556274415},"rotation":{"x":-0.13776668906211854,"y":0.09207077324390412,"z":-0.012861502356827259,"w":-0.9861066341400147},"size":15.034103393554688,"orthographic":false}